{
  "train_loss": [
    0.5038590281539493
  ],
  "val_loss": [
    0.3167098166545232
  ],
  "train_accuracy": [
    0.8161666666666667
  ],
  "val_accuracy": [
    0.8798333333333334
  ]
}