{
  "train_loss": [
    0.5549093539610294,
    0.41021619811300986,
    0.37609722167783155,
    0.35279305243944103,
    0.33726631645201505,
    0.3257551310380912,
    0.31499541900451716,
    0.3090852546589493,
    0.29785766336907993,
    0.28893402292971365,
    0.28162530847600004,
    0.277801866073744,
    0.27467070806824484,
    0.26894548093079107,
    0.2672889055551793
  ],
  "val_loss": [
    0.415360393834875,
    0.41241022849336584,
    0.3581742528588214,
    0.36657088329183296,
    0.3404076917374388,
    0.33409135027768766,
    0.3336321860551834,
    0.33415140354252876,
    0.3310273293643556,
    0.3334552052807301,
    0.33294113757128413,
    0.3154579168780053,
    0.31347201249383866,
    0.31188078264289715,
    0.30794710872021125
  ],
  "train_accuracy": [
    0.7993333333333333,
    0.8494814814814815,
    0.862,
    0.8706851851851851,
    0.8749629629629629,
    0.8788703703703703,
    0.8832777777777778,
    0.885925925925926,
    0.887888888888889,
    0.8926851851851851,
    0.8944259259259258,
    0.8965000000000001,
    0.8968333333333334,
    0.9004629629629629,
    0.8996666666666667
  ],
  "val_accuracy": [
    0.8443333333333334,
    0.851,
    0.8616666666666667,
    0.865,
    0.8723333333333333,
    0.8746666666666667,
    0.875,
    0.8755,
    0.8786666666666666,
    0.8761666666666666,
    0.8761666666666666,
    0.8866666666666667,
    0.8895000000000001,
    0.885,
    0.892
  ]
}